{
  "2": {
    "k": 2,
    "chi2": 0.0146,
    "p_chi2": 0.903972,
    "dof": 1,
    "cramers_v": 0.0029,
    "sig_chi2": false,
    "obs_kl": 0.0001,
    "p_perm": 0.885,
    "sig_perm": false,
    "kl_null_mean": 0.0023,
    "kl_null_ci95": [
      0.0,
      0.0109
    ],
    "t_counts": [
      261,
      604
    ],
    "a_counts": [
      258,
      608
    ]
  },
  "3": {
    "k": 3,
    "chi2": 0.512,
    "p_chi2": 0.774132,
    "dof": 2,
    "cramers_v": 0.0172,
    "sig_chi2": false,
    "obs_kl": 0.0012,
    "p_perm": 0.768,
    "sig_perm": false,
    "kl_null_mean": 0.0045,
    "kl_null_ci95": [
      0.0001,
      0.0167
    ],
    "t_counts": [
      451,
      262,
      152
    ],
    "a_counts": [
      449,
      254,
      163
    ]
  },
  "4": {
    "k": 4,
    "chi2": 92.7945,
    "p_chi2": 0.0,
    "dof": 3,
    "cramers_v": 0.2315,
    "sig_chi2": true,
    "obs_kl": 0.2236,
    "p_perm": 0.0,
    "sig_perm": true,
    "kl_null_mean": 0.0071,
    "kl_null_ci95": [
      0.0005,
      0.0212
    ],
    "t_counts": [
      248,
      303,
      143,
      171
    ],
    "a_counts": [
      363,
      133,
      161,
      209
    ]
  },
  "5": {
    "k": 5,
    "chi2": 88.9262,
    "p_chi2": 0.0,
    "dof": 4,
    "cramers_v": 0.2267,
    "sig_chi2": true,
    "obs_kl": 0.2121,
    "p_perm": 0.0,
    "sig_perm": true,
    "kl_null_mean": 0.0091,
    "kl_null_ci95": [
      0.001,
      0.0264
    ],
    "t_counts": [
      121,
      208,
      152,
      267,
      117
    ],
    "a_counts": [
      145,
      323,
      193,
      156,
      49
    ]
  },
  "6": {
    "k": 6,
    "chi2": 71.8025,
    "p_chi2": 0.0,
    "dof": 5,
    "cramers_v": 0.2037,
    "sig_chi2": true,
    "obs_kl": 0.1707,
    "p_perm": 0.0,
    "sig_perm": true,
    "kl_null_mean": 0.0116,
    "kl_null_ci95": [
      0.0024,
      0.0324
    ],
    "t_counts": [
      115,
      242,
      116,
      122,
      112,
      158
    ],
    "a_counts": [
      167,
      146,
      153,
      141,
      49,
      210
    ]
  },
  "7": {
    "k": 7,
    "chi2": 95.0807,
    "p_chi2": 0.0,
    "dof": 6,
    "cramers_v": 0.2344,
    "sig_chi2": true,
    "obs_kl": 0.2295,
    "p_perm": 0.0,
    "sig_perm": true,
    "kl_null_mean": 0.0134,
    "kl_null_ci95": [
      0.0028,
      0.0326
    ],
    "t_counts": [
      133,
      114,
      95,
      117,
      143,
      81,
      182
    ],
    "a_counts": [
      178,
      50,
      122,
      137,
      153,
      146,
      80
    ]
  },
  "8": {
    "k": 8,
    "chi2": 80.3053,
    "p_chi2": 0.0,
    "dof": 7,
    "cramers_v": 0.2154,
    "sig_chi2": true,
    "obs_kl": 0.1947,
    "p_perm": 0.0,
    "sig_perm": true,
    "kl_null_mean": 0.0169,
    "kl_null_ci95": [
      0.0043,
      0.038
    ],
    "t_counts": [
      80,
      108,
      112,
      97,
      112,
      175,
      44,
      137
    ],
    "a_counts": [
      92,
      42,
      48,
      153,
      133,
      156,
      67,
      175
    ]
  },
  "9": {
    "k": 9,
    "chi2": 101.9222,
    "p_chi2": 0.0,
    "dof": 8,
    "cramers_v": 0.2427,
    "sig_chi2": true,
    "obs_kl": 0.2469,
    "p_perm": 0.0,
    "sig_perm": true,
    "kl_null_mean": 0.0182,
    "kl_null_ci95": [
      0.0053,
      0.0404
    ],
    "t_counts": [
      73,
      83,
      138,
      105,
      113,
      105,
      128,
      76,
      44
    ],
    "a_counts": [
      83,
      39,
      175,
      126,
      49,
      42,
      140,
      145,
      67
    ]
  },
  "10": {
    "k": 10,
    "chi2": 95.84,
    "p_chi2": 0.0,
    "dof": 9,
    "cramers_v": 0.2353,
    "sig_chi2": true,
    "obs_kl": 0.2318,
    "p_perm": 0.0,
    "sig_perm": true,
    "kl_null_mean": 0.0207,
    "kl_null_ci95": [
      0.0068,
      0.0439
    ],
    "t_counts": [
      109,
      107,
      109,
      83,
      66,
      45,
      75,
      44,
      120,
      107
    ],
    "a_counts": [
      129,
      42,
      49,
      40,
      120,
      61,
      87,
      67,
      136,
      135
    ]
  },
  "11": {
    "k": 11,
    "chi2": 104.1383,
    "p_chi2": 0.0,
    "dof": 10,
    "cramers_v": 0.2453,
    "sig_chi2": true,
    "obs_kl": 0.253,
    "p_perm": 0.0,
    "sig_perm": true,
    "kl_null_mean": 0.0228,
    "kl_null_ci95": [
      0.0065,
      0.0457
    ],
    "t_counts": [
      109,
      126,
      40,
      47,
      89,
      36,
      109,
      83,
      44,
      74,
      108
    ],
    "a_counts": [
      45,
      153,
      59,
      88,
      108,
      52,
      131,
      37,
      67,
      84,
      42
    ]
  },
  "12": {
    "k": 12,
    "chi2": 98.4328,
    "p_chi2": 0.0,
    "dof": 11,
    "cramers_v": 0.2385,
    "sig_chi2": true,
    "obs_kl": 0.238,
    "p_perm": 0.0,
    "sig_perm": true,
    "kl_null_mean": 0.0259,
    "kl_null_ci95": [
      0.009,
      0.0499
    ],
    "t_counts": [
      57,
      79,
      63,
      97,
      43,
      44,
      60,
      107,
      82,
      103,
      23,
      107
    ],
    "a_counts": [
      62,
      37,
      118,
      114,
      67,
      62,
      77,
      104,
      103,
      42,
      34,
      46
    ]
  },
  "13": {
    "k": 13,
    "chi2": 102.4296,
    "p_chi2": 0.0,
    "dof": 12,
    "cramers_v": 0.2433,
    "sig_chi2": true,
    "obs_kl": 0.2478,
    "p_perm": 0.0,
    "sig_perm": true,
    "kl_null_mean": 0.0282,
    "kl_null_ci95": [
      0.0106,
      0.0565
    ],
    "t_counts": [
      70,
      34,
      77,
      99,
      107,
      25,
      57,
      71,
      38,
      103,
      97,
      44,
      43
    ],
    "a_counts": [
      96,
      49,
      34,
      90,
      46,
      37,
      59,
      86,
      59,
      42,
      116,
      67,
      85
    ]
  },
  "14": {
    "k": 14,
    "chi2": 114.2529,
    "p_chi2": 0.0,
    "dof": 13,
    "cramers_v": 0.2569,
    "sig_chi2": true,
    "obs_kl": 0.2776,
    "p_perm": 0.0,
    "sig_perm": true,
    "kl_null_mean": 0.0308,
    "kl_null_ci95": [
      0.0121,
      0.0576
    ],
    "t_counts": [
      33,
      78,
      104,
      86,
      103,
      42,
      39,
      37,
      57,
      43,
      80,
      59,
      35,
      69
    ],
    "a_counts": [
      53,
      93,
      42,
      75,
      40,
      78,
      60,
      54,
      57,
      67,
      33,
      95,
      47,
      72
    ]
  },
  "15": {
    "k": 15,
    "chi2": 103.117,
    "p_chi2": 0.0,
    "dof": 14,
    "cramers_v": 0.2441,
    "sig_chi2": true,
    "obs_kl": 0.2498,
    "p_perm": 0.0,
    "sig_perm": true,
    "kl_null_mean": 0.0328,
    "kl_null_ci95": [
      0.0137,
      0.061
    ],
    "t_counts": [
      37,
      55,
      37,
      43,
      100,
      81,
      87,
      47,
      106,
      45,
      20,
      40,
      81,
      38,
      48
    ],
    "a_counts": [
      48,
      75,
      75,
      67,
      42,
      75,
      106,
      55,
      43,
      45,
      32,
      42,
      36,
      58,
      67
    ]
  },
  "16": {
    "k": 16,
    "chi2": 112.4319,
    "p_chi2": 0.0,
    "dof": 15,
    "cramers_v": 0.2549,
    "sig_chi2": true,
    "obs_kl": 0.2729,
    "p_perm": 0.0,
    "sig_perm": true,
    "kl_null_mean": 0.0354,
    "kl_null_ci95": [
      0.0148,
      0.0652
    ],
    "t_counts": [
      33,
      101,
      85,
      41,
      42,
      34,
      33,
      33,
      67,
      104,
      60,
      34,
      47,
      43,
      34,
      74
    ],
    "a_counts": [
      45,
      41,
      80,
      80,
      42,
      54,
      45,
      29,
      70,
      39,
      88,
      55,
      71,
      67,
      26,
      34
    ]
  },
  "17": {
    "k": 17,
    "chi2": 104.8106,
    "p_chi2": 0.0,
    "dof": 16,
    "cramers_v": 0.2461,
    "sig_chi2": true,
    "obs_kl": 0.2545,
    "p_perm": 0.0,
    "sig_perm": true,
    "kl_null_mean": 0.0374,
    "kl_null_ci95": [
      0.0156,
      0.0663
    ],